{
  "LU": 0.756995,
  "FFT": 0.3021923,
  "ODE": 0.486085,
  "Sparse": 0.5281779,
  "D2": 0.3961115,
  "D3": 0.6132015
}